closed_at,symbol,side,analyst,outcome,posted_entry,posted_stop,entry_price,entry_matches_posted,exit_price,exit_reached,move_pct,r_multiple,trade_id,signal_id,stop_used,follower_r,follower_move_pct,cost_r,entry_bps,exit_bps
"2026-09-05T22:20:14.357000Z","BICOUSDT","LONG","SaltWayer","win",,"0.02148","0.022435","false","0.02448","TP2","9.12","2.14","aea41122-8c40-40e0-a451-2baceea10c98","AXN-2026-09-04-00360","0.02148","2.12","9.02","0.02","7.5","2"
"2026-09-04T17:29:59.999000Z","KGENUSDT","LONG","Pipfessor","win","0.1745","0.167","0.1792","false","0.1849","PARTIAL","3.18","0.47","ebe1ec69-58db-47eb-a64d-fe1dbfd6666d","AXN-2026-09-04-00359","0.167","0.46","3.08","0.01","2","7.5"
"2026-09-04T14:48:59.999000Z","XLMUSDT","LONG","Belovy","win",,"0.165","0.1777","false","0.188","TP2","5.8","0.81","6ec0483b-9698-4f4c-8910-a50d67547d33","AXN-2026-09-01-00344","0.165","0.8","5.7","0.01","7.5","2"
"2026-09-04T14:43:32.197000Z","ZKPUSDT","SHORT","Electron","win","0.04914","0.05235","0.04914","true","0.04704","PARTIAL","4.27","0.65","96837868-9583-48a5-a991-15dbf1922f34","AXN-2026-09-01-00341","0.05235","0.64","4.18","0.01","2","7.5"
"2026-09-04T12:32:59.999000Z","NEIROUSDT","LONG","Electron","win","0.00008347","0.00007678","0.00008347","true","0.00009262","PARTIAL","10.96","1.37","f53577ab-5a1b-4492-9c44-41fc5a20aba1","AXN-2026-09-01-00343","0.00007678","1.36","10.86","0.01","2","7.5"
"2026-09-04T03:15:59.999000Z","BRETTUSDT","LONG","Electron","win","0.004947","0.00458","0.004947","true","0.005232","PARTIAL","5.76","0.78","b450d31c-6ac7-4c93-96fb-7035258e09aa","AXN-2026-09-02-00346","0.00458","0.77","5.66","0.01","2","7.5"
"2026-09-03T22:33:59.999000Z","PEOPLEUSDT","LONG","SaltWayer","win",,"0.00781","0.00809","false","0.008382","TP1","3.61","1.04","1d913a7b-a994-4ff1-b9b2-ed8ddb1d37af","AXN-2026-09-03-00353","0.00781","1.01","3.51","0.03","7.5","2"
"2026-09-03T22:07:34.483000Z","BTCUSDT","LONG","Triggerxbt","win",,"75540","77405.9","false","81443","CLOSE","5.22","2.16","79fbdae6-084f-4246-bf7f-c7ff8d7683ff","AXN-2026-09-01-00345","75540","2.1","5.07","0.06","7.5","7.5"
"2026-09-03T20:29:59.999000Z","XRPUSDT","SHORT","Thmassz","loss",,"1.4826","1.3707","false","1.4826","SL","-8.16","-1","cdeb1c48-c305-4662-b73e-b92e47d4f371","AXN-2026-08-26-00315","1.4826","-1.02","-8.35","0.02","7.5","10.5"
"2026-09-03T12:53:59.999000Z","BTCUSDT","SHORT","Triggerxbt","win","78000","81000","78496.8","false","76554.2","PARTIAL","2.47","0.78","94242d4d-3115-47cc-9088-4d3859ec65a0","AXN-2026-08-29-00330","81000","0.75","2.38","0.03","2","7.5"
"2026-09-02T09:23:59.999000Z","AAVEUSDT","LONG","Thmassz","win",,"120.05","126.96","false","132.67","TP1","4.5","0.83","e5b41be7-35ae-4452-ba3a-c478e6225c06","AXN-2026-08-26-00311","120.05","0.81","4.4","0.02","7.5","2"
"2026-09-02T08:45:59.999000Z","DOTUSDT","LONG","gaijin","win","0.8547","0.74","0.8547","true","0.8852","TP1","3.57","0.27","7f1b26c4-a279-4547-bd18-d504b1943309","AXN-2026-09-01-00342","0.74","0.27","3.53","0","2","2"
"2026-09-01T19:59:59.999000Z","BOTUSDT","LONG","Electron","loss","26.86","25.54","26.47","false","25.54","SL","-3.51","-1","fe3daf85-419f-49f9-96ec-30d4b989d4c3","AXN-2026-08-27-00319","25.54","-1.03","-3.63","0.03","2","10.5"
"2026-09-01T15:47:00Z","TQQQUSDT","LONG","Electron","win","71.8","68.08","70.14","false","70.48","CLOSE","0.49","0.17","f36e6eb4-45dd-4c7a-ae84-ad327e4c50cf","AXN-2026-08-27-00323","68.08","0.14","0.39","0.03","2","7.5"
"2026-09-01T12:49:21.980000Z","METAUSDT","LONG","Electron","win",,"543.27","562.7","false","588.21","PARTIAL","4.53","1.31","c45538be-6903-4e52-967b-00ff1e61bdf2","AXN-2026-08-25-00302","543.27","1.27","4.38","0.04","7.5","7.5"
"2026-09-01T08:45:35.117000Z","GRIFFAINUSDT","LONG","Bitcoin Wizard","loss",,"0.01114","0.012325","false","0.011105","CLOSE","-9.9","-1.03","181b3ff3-6a26-483f-bb21-d04a2b60ccdc","AXN-2026-08-23-00299","0.01114","-1.04","-10.04","0.01","7.5","7.5"
"2026-09-01T03:38:28.534000Z","DOTUSDT","SHORT","Pipfessor","win",,"0.8945","0.859","false","0.8175","PARTIAL","4.83","1.17","f74505c7-0b46-4318-a6f1-99a78dde115d","AXN-2026-08-29-00331","0.8945","1.13","4.68","0.04","7.5","7.5"
"2026-08-31T05:17:59.999000Z","AVAXUSDT","SHORT","Thmassz","win",,"7.745","7.191","false","7.016","TP1","2.43","0.32","873b1588-b75d-4ac0-b201-986f576979e0","AXN-2026-08-26-00316","7.745","0.31","2.34","0.01","7.5","2"
"2026-08-30T19:59:59.999000Z","FARTCOINUSDT","LONG","D3LTA","win",,"0.183","0.19255","false","0.19825","PARTIAL","2.96","0.6","e3696ec7-0cad-445b-b22d-5e26c590147a","AXN-2026-08-29-00329","0.183","0.57","2.81","0.03","7.5","7.5"
"2026-08-30T17:24:59.999000Z","EGLDUSDT","LONG","Bitcoin Wizard","win",,"3.437","3.786","false","4","TP1","5.65","0.61","5b55980c-667c-4057-a5b0-3300307b20c6","AXN-2026-08-30-00333","3.437","0.6","5.55","0.01","7.5","2"
"2026-08-30T16:41:32.974000Z","ETHUSDT","SHORT","Triggerxbt","loss",,"2573","2487.39","false","2529.61","SL","-1.7","-0.49","2e2cf7e0-09ac-44a3-97cd-a60fc6e2ce0f","AXN-2026-08-28-00327","2573","-0.54","-1.88","0.05","7.5","10.5"
"2026-08-30T11:59:59.999000Z","LABUSDT","SHORT","SaltWayer","loss",,"0.0794","0.0766","false","0.0794","SL","-3.66","-1","2779e9b5-0ee7-4d60-8086-af8a5fbee997","AXN-2026-08-29-00328","0.0794","-1.05","-3.84","0.05","7.5","10.5"
"2026-08-29T17:33:00Z","POLUSDT","LONG","Bitcoin Wizard","loss","0.1043","0.0929","0.1043","true","0.10405","CLOSE","-0.24","-0.02","3a625b33-c149-41c4-88df-7bd72f488e7a","AXN-2026-08-26-00313","0.0929","-0.03","-0.33","0.01","2","7.5"
"2026-08-28T14:36:59.999000Z","BTCUSDT","SHORT","Triggerxbt","win",,"79993.1","79353.6","false","78503.5","PARTIAL","1.07","1.33","cdaa2692-382d-4d30-8822-ce773b081841","AXN-2026-08-28-00326","79993.1","1.14","0.92","0.19","7.5","7.5"
"2026-08-28T09:42:39.865000Z","PENDLEUSDT","LONG","gaijin","win","1.723","1.5","1.723","true","1.78","TP1","3.31","0.26","e3a6226d-a1f3-4f5c-8017-0dbbc8c6ffc3","AXN-2026-08-27-00317","1.5","0.26","3.27","0","2","2"
"2026-08-28T08:49:59.999000Z","BTCUSDT","LONG","Triggerxbt","win",,"77000","79487.8","false","80631.6","PARTIAL","1.44","0.46","efd863ac-4ac0-4770-8001-d090c544a36e","AXN-2026-08-27-00324","77000","0.41","1.29","0.05","7.5","7.5"
"2026-08-28T07:54:59.999000Z","ATOMUSDT","LONG","gaijin","win","1.509","1.4","1.497","false","1.543","TP1","3.04","0.47","fc31d2ea-490e-4ccd-a32b-f9b4da1ff288","AXN-2026-08-27-00321","1.4","0.46","3","0.01","2","2"
"2026-08-27T23:59:59.999000Z","BTCUSDT","SHORT","Bitcoin Wizard","loss","68691","79000","70308.7","false","79000","SL","-12.36","-1","59e29ba7-ac97-46ba-9e67-063dbe58b423","AXN-2026-08-10-00240","79000","-1.01","-12.5","0.01","2","10.5"
"2026-08-27T23:59:59.999000Z","POLUSDT","LONG","Electron","loss",,"0.10825","0.11841","false","0.10825","SL","-8.58","-1","98f65ae0-371c-4e01-95b1-f0714575ee6b","AXN-2026-08-25-00307","0.10825","-1.02","-8.75","0.02","7.5","10.5"
"2026-08-27T10:40:59.999000Z","XLMUSDT","LONG","Belovy","win",,"0.174","0.1841","false","0.1875","TP1","1.85","0.34","49abec57-1eff-499d-b162-90a73213471b","AXN-2026-08-26-00312","0.174","0.32","1.75","0.02","7.5","2"
"2026-08-26T22:15:57.134000Z","LTCUSDT","SHORT","Bitcoin Wizard","win",,"53.17","50.28","false","49.48","PARTIAL","1.59","0.28","4061edb2-5641-41d8-9980-0605383d21d7","AXN-2026-08-26-00314","53.17","0.25","1.44","0.03","7.5","7.5"
"2026-08-26T19:31:00Z","SOLUSDT","LONG","Thmassz","loss",,"91.44","97.12","false","96.76","CLOSE","-0.37","-0.06","0d13e14b-351b-4f34-8deb-b10ab8b50c8f","AXN-2026-08-26-00310","91.44","-0.09","-0.52","0.03","7.5","7.5"
"2026-08-26T19:26:39.274000Z","ETHUSDT","SHORT","Triggerxbt","win",,"2510","2477.18","false","2424.97","PARTIAL","2.11","1.59","ba66aac8-caf1-483b-b67c-197908a36b54","AXN-2026-08-25-00308","2510","1.48","1.96","0.11","7.5","7.5"
"2026-08-26T13:24:44.631000Z","HYPEUSDT","LONG","Belovy","win",,"76","80.65","false","82.5","TP2","2.29","0.4","274268d1-b757-49ef-b679-0d65eae117ad","AXN-2026-08-26-00309","76","0.38","2.19","0.02","7.5","2"
"2026-08-26T12:30:59.999000Z","FOGOUSDT","LONG","Pipfessor","win",,"0.00856","0.008977","false","0.009365","PARTIAL","4.32","0.93","5b4aad3a-2265-4331-b7d3-1b92f3c7bc31","AXN-2026-08-25-00304","0.00856","0.9","4.17","0.03","7.5","7.5"
"2026-08-26T09:47:34.363000Z","KGENUSDT","LONG","Pipfessor","win",,"0.162","0.1781","false","0.1835","PARTIAL","3.03","0.34","9fcc56fb-c281-4ce0-9f6c-435a0a579807","AXN-2026-08-25-00306","0.162","0.32","2.88","0.02","7.5","7.5"
"2026-08-25T13:51:30.514000Z","SUIUSDT","LONG","Natrix","loss","0.81","0.78","0.81","true","0.78","SL","-3.7","-1","073a49de-6422-4a34-bc9d-80b5ec19b231","AXN-2026-08-24-00300","0.78","-1.03","-3.82","0.03","2","10.5"
"2026-08-25T09:59:42.667000Z","HUSDT","LONG","SaltWayer","win",,"0.07191","0.07572","false","0.0783","TP1","3.41","0.68","0fc183f5-a55e-432d-91f5-5a2b5b6f2c04","AXN-2026-08-25-00303","0.07191","0.66","3.31","0.02","7.5","2"
"2026-08-24T13:31:11.131000Z","BOTUSDT","LONG","Electron","win","26.79","25","26.79","true","31.07","PARTIAL","15.98","2.39","4c8d24e2-81d7-4dd9-8f0f-236cee36b180","AXN-2026-08-04-00217","25","2.37","15.87","0.02","2","7.5"
"2026-08-23T23:59:59.999000Z","HYPEUSDT","SHORT","Belovy","win",,"81","72.58","false","54","TP6","25.6","2.21","c196cdf4-b2fe-4898-b376-acb95eaea6b3","AXN-2026-05-31-00045","81","2.2","25.51","0.01","7.5","2"
"2026-08-23T04:04:59.999000Z","CASHCATUSDT","LONG","Natrix","win","0.12","0.1","0.11478","false","0.127","TP1","10.64","0.83","e497bde6-b2d6-49f7-b20d-adae2fc74c60","AXN-2026-08-22-00298","0.1","0.83","10.6","0","2","2"
"2026-08-23T03:23:52.735000Z","LTCUSDT","LONG","Bitcoin Wizard","win",,"46.74","51.23","false","53.29","TP1","4.02","0.46","bd462303-e64c-471f-a2b9-88f8a1cf9a11","AXN-2026-08-22-00297","46.74","0.45","3.92","0.01","7.5","2"
"2026-08-22T12:34:27.634000Z","DOTUSDT","LONG","gaijin","win","0.833","0.72","0.833","true","0.9309","CLOSE","11.75","0.87","522ac9af-aaa4-4832-a7b1-02e6f13f999b","AXN-2026-08-20-00292","0.72","0.86","11.65","0.01","2","7.5"
"2026-08-22T07:59:59.999000Z","POWERUSDT","LONG","SaltWayer","loss",,"0.08876","0.09174","false","0.08876","SL","-3.25","-1","91522927-659a-47c6-959e-b229a369f641","AXN-2026-08-20-00285","0.08876","-1.05","-3.43","0.05","7.5","10.5"
"2026-08-22T05:11:59.999000Z","ADAUSDT","LONG","gaijin","win","0.1982","0.16","0.1982","true","0.2319","TP3","17","0.88","1ee340d1-597e-4b6f-aca3-f528119a53ad","AXN-2026-08-20-00290","0.16","0.88","16.96","0","2","2"
"2026-08-22T05:11:11.617000Z","GRIFFAINUSDT","LONG","Bitcoin Wizard","win",,"0.01114","0.012297","false","0.0138","TP1","12.22","1.3","d83d6f0a-80db-4885-867d-4e8bee4cbe60","AXN-2026-08-16-00268","0.01114","1.29","12.12","0.01","7.5","2"
"2026-08-22T05:10:59.999000Z","AVAXUSDT","LONG","gaijin","win","7.23","6","7.23","true","8.22","TP3","13.69","0.8","b65939ca-94fe-4122-b4dc-98d3fe6b0d94","AXN-2026-08-20-00291","6","0.8","13.65","0","2","2"
"2026-08-22T05:10:59.999000Z","DOTUSDT","LONG","Thmassz","win",,"0.8286","0.9321","false","0.986","TP1","5.78","0.52","3dc435f2-2cc8-48a3-9201-ce2b79746cdc","AXN-2026-08-21-00295","0.8286","0.51","5.68","0.01","7.5","2"
"2026-08-22T05:10:48.968000Z","HOLOUSDT","LONG","SaltWayer","win",,"0.06234","0.06577","false","0.06896","TP1","4.85","0.93","e3099981-906d-42d7-b3fb-a9b2b6d09a90","AXN-2026-08-21-00294","0.06234","0.91","4.75","0.02","7.5","2"
"2026-08-22T04:32:12Z","BROCCOLI714USDT","LONG","D3LTA","win",,"0.0149","0.015614144272029867","false","0.0204","TP1","30.65","6.7","6c4d86f9-a947-4ba9-9382-0523015861ed","AXN-2026-08-16-00267","0.0149","6.68","30.55","0.02","7.5","2"
"2026-08-22T03:59:59.999000Z","LDOUSDT","SHORT","Electron","loss","0.3388","0.3779","0.3508","false","0.3779","SL","-7.74","-1","33194a4e-3a50-4e9e-a1f1-52a411878ac8","AXN-2026-08-01-00205","0.3779","-1.02","-7.87","0.02","2","10.5"
"2026-08-22T02:58:59.999000Z","TAOUSDT","LONG","D3LTA","win","200.5","183.2","200.5","true","245","TP1","22.19","2.57","b19cb1b8-67e8-49ab-a02f-7590a045a06d","AXN-2026-08-09-00239","183.2","2.56","22.15","0.01","2","2"
"2026-08-21T23:59:59.999000Z","ETHUSDT","SHORT","Belovy","loss",,"2400","1743.8","false","2400","SL","-37.63","-1","1d8c7186-ac45-4298-8c0e-ca8363462afa","AXN-2026-07-09-00145","2400","-1.01","-37.85","0.01","7.5","10.5"
"2026-08-21T18:15:59.999000Z","ETCUSDT","SHORT","Bitcoin Wizard","win",,"8.54","7.612","false","6.4","TP2","15.92","1.31","d9e13d1d-c15f-4170-8be3-4d1c3a5a2938","AXN-2026-06-19-00103","8.54","1.3","15.83","0.01","7.5","2"
"2026-08-21T14:57:58.867000Z","ZBTUSDT","SHORT","Electron","win","0.08177","0.08989","0.08177","true","0.08081","CLOSE","1.17","0.12","88b0e7bb-f503-474f-be20-8c1ff5b0643d","AXN-2026-08-18-00276","0.08989","0.11","1.08","0.01","2","7.5"
"2026-08-21T09:47:28.827000Z","TIAUSDT","LONG","gaijin","win",,"0.29","0.3195","false","0.3667","TP2","14.77","1.6","3b27f8f5-e3b8-4527-a536-d81826b1a2b4","AXN-2026-08-03-00211","0.29","1.59","14.67","0.01","7.5","2"
"2026-08-21T08:52:59.999000Z","ZKUSDT","SHORT","D3LTA","win",,"0.01","0.009277","false","0.00808","TP3","12.9","1.66","20b3c039-70fc-40b4-a42f-b2c444b0e952","AXN-2026-07-27-00192","0.01","1.65","12.81","0.01","7.5","2"
"2026-08-21T08:47:16.883000Z","BTCUSDT","SHORT","Electron","loss","73000","78000","73000","true","78000","SL","-6.85","-1","1022be9d-0d2a-4131-8113-184b121e26ea","AXN-2026-08-20-00287","78000","-1.02","-6.98","0.02","2","10.5"
"2026-08-21T07:59:59.999000Z","LTCUSDT","SHORT","Bitcoin Wizard","loss",,"48.84","45.15","false","48.84","SL","-8.17","-1","b2eddbd6-c44a-439f-adfc-13c3c7a55e11","AXN-2026-07-29-00199","48.84","-1.02","-8.36","0.02","7.5","10.5"
"2026-08-20T22:05:38.480000Z","KAVAUSDT","LONG","Pipfessor","win",,"0.03995","0.04128","false","0.04218","TP1","2.18","0.68","d69d1d5f-06d5-4772-a25a-818b6fc139cc","AXN-2026-08-20-00286","0.03995","0.65","2.08","0.03","7.5","2"
"2026-08-20T18:31:00Z","XRPUSDT","LONG","Belovy","win",,"0.95","1.0196","false","1.2645","CLOSE","24.02","3.52","f9165187-c8fa-4caf-a5db-1de69cde8b45","AXN-2026-08-11-00248","0.95","3.5","23.85","0.02","7.5","7.5"
"2026-08-20T11:39:57.379000Z","SOLUSDT","LONG","Thmassz","win",,"71.38","76.25","false","88","TP3","15.41","2.41","02bed92d-0c93-4973-96b6-fb3fe174d0f2","AXN-2026-08-12-00250","71.38","2.39","15.31","0.02","7.5","2"
"2026-08-20T11:39:57.379000Z","SOLUSDT","LONG","D3LTA","win","75.2","71.9","75.2","true","88","TP1","17.02","3.88","d0ea0ab6-e02a-45d4-ab37-cdef996dd03b","AXN-2026-08-10-00246","71.9","3.87","16.98","0.01","2","2"
"2026-08-20T00:11:30.057000Z","ONDOUSDT","SHORT","Thmassz","win",,"0.3863","0.3707","false","0.3371","TP2","9.06","2.15","a7f40cee-4160-4241-8f7d-7bd771ab3d64","AXN-2026-08-06-00228","0.3863","2.13","8.97","0.02","7.5","2"
"2026-08-19T23:59:59.999000Z","SOLUSDT","SHORT","Electron","loss",,"84.49","77.69","false","84.49","SL","-8.75","-1","9ec58bd7-f0c2-47e8-a958-414ada724a96","AXN-2026-07-14-00157","84.49","-1.02","-8.94","0.02","7.5","10.5"
"2026-08-19T21:33:00Z","BICOUSDT","LONG","Electron","win","0.01819","0.01599","0.017484","false","0.017562","CLOSE","0.45","0.05","5f913615-9e7b-4932-8658-01ac4348fbaa","AXN-2026-08-05-00222","0.01599","0.04","0.35","0.01","2","7.5"
"2026-08-19T21:22:00Z","NEARUSDT","LONG","gaijin","win","1.626","1.44","1.608","false","1.754","CLOSE","9.09","0.87","d78ef2d3-ac38-4a17-86bd-de9ad32facad","AXN-2026-08-18-00281","1.44","0.86","8.99","0.01","2","7.5"
"2026-08-19T19:51:00Z","HYPEUSDT","LONG","Thmassz","win",,"54147","57.32","false","69.78","CLOSE","21.74","3.93","89ff2f25-d403-4fb7-9953-f887d702329e","AXN-2026-08-15-00265","54.147","3.9","21.57","0.03","7.5","7.5"
"2026-08-19T19:36:23.433000Z","AVAXUSDT","LONG","gaijin","win","6.303","6","6.303","true","6.54","CLOSE","3.76","0.78","4544f325-b6a4-4948-8be1-667c064cdf8d","AXN-2026-08-19-00283","6","0.76","3.66","0.02","2","7.5"
"2026-08-19T19:33:00Z","ARBUSDT","LONG","gaijin","win","0.075","0.069","0.075","true","0.08326","CLOSE","11.01","1.38","00ba0c36-a5a2-4807-ae30-cf36b9ba32a4","AXN-2026-08-18-00279","0.069","1.37","10.91","0.01","2","7.5"
"2026-08-19T19:05:59.999000Z","ETHUSDT","SHORT","gaijin","loss","2085.2","2095.5","2085.2","true","2095.5","SL","-0.49","-1","8d8555d6-c4da-41c5-81a7-333d33475709","AXN-2026-08-19-00284","2095.5","-1.25","-0.62","0.25","2","10.5"
"2026-08-19T15:59:59.999000Z","BNBUSDT","SHORT","gaijin","loss",,"606","601.7","false","606","SL","-0.71","-1","233907f9-cf81-4f26-a546-004216780724","AXN-2026-08-18-00275","606","-1.25","-0.89","0.25","7.5","10.5"
"2026-08-19T15:59:59.999000Z","BTCUSDT","SHORT","gaijin","loss",,"65800","64775.4","false","65800","SL","-1.58","-1","dd51e7c2-dc8e-4a75-aa7f-e7b344d0c10c","AXN-2026-08-18-00277","65800","-1.11","-1.76","0.11","7.5","10.5"
"2026-08-19T15:59:59.999000Z","UNIUSDT","SHORT","SaltWayer","loss",,"3.434","3.28","false","3.434","SL","-4.7","-1","e03cfadd-ddd4-4dc4-89d9-734ec2f128b9","AXN-2026-08-17-00270","3.434","-1.04","-4.88","0.04","7.5","10.5"
"2026-08-19T15:59:59.999000Z","PROMPTUSDT","SHORT","Electron","loss","0.02095","0.02197","0.02132","false","0.02197","SL","-3.06","-1","9d1c08c7-5f1d-49c2-89e6-ccad124f4828","AXN-2026-08-19-00282","0.02197","-1.04","-3.19","0.04","2","10.5"
"2026-08-19T15:31:20.943000Z","OPNUSDT","LONG","Electron","win","0.0569","0.05246","0.05561","false","0.0564","CLOSE","1.42","0.25","4e27d1e5-8bb8-4b62-a593-bfcedd046c14","AXN-2026-08-18-00280","0.05246","0.23","1.32","0.02","2","7.5"
"2026-08-19T15:27:33.734000Z","DOTUSDT","SHORT","Electron","win",,"0.8219","0.7858","false","0.7388","PARTIAL","5.98","1.3","49beec4f-4c86-4989-bd52-519c7d6b3232","AXN-2026-08-12-00253","0.8219","1.27","5.83","0.03","7.5","7.5"
"2026-08-19T15:26:29.483000Z","BTCUSDT","LONG","D3LTA","win",,"60970","62212.2","false","67400","TP1","8.34","4.18","c43dda17-d399-4989-94ab-a1d5d55b2705","AXN-2026-07-08-00141","60970","4.13","8.24","0.05","7.5","2"
"2026-08-19T15:14:00Z","DOTUSDT","LONG","gaijin","win",,"0.75","0.7653","false","0.7779","CLOSE","1.65","0.82","bcae96e2-bd0f-4644-b199-237f1c06b005","AXN-2026-08-15-00264","0.75","0.74","1.5","0.08","7.5","7.5"
"2026-08-18T02:12:14.727000Z","TIAUSDT","LONG","gaijin","win","0.2993","0.282","0.2993","true","0.3027","TP1","1.14","0.2","f03de002-59d6-4cfb-84d6-f494aa15edf7","AXN-2026-08-17-00272","0.282","0.19","1.1","0.01","2","2"
"2026-08-18T01:09:59.999000Z","ONTUSDT","SHORT","Pipfessor","win",,"0.0399","0.03783","false","0.0368","TP1","2.72","0.5","0268ff1b-306d-4777-a0d2-c41ff6ec14ef","AXN-2026-08-17-00274","0.0399","0.48","2.63","0.02","7.5","2"
"2026-08-17T14:58:59.999000Z","ONDSUSDT","LONG","Electron","breakeven",,"8.61","9.046","false","9.045554362936123","BE","0","0","96543876-5c3f-42df-9928-70ffa7ff6c7b","AXN-2026-08-16-00266","8.61","-0.04","-0.18","0.04","7.5","10.5"
"2026-08-17T13:37:57Z","BASUSDT","LONG","Pipfessor","breakeven",,"0.02518","0.027281","false","0.027281","BE","0","0","83278d62-31ca-43a4-95fd-bc161e775ea4","AXN-2026-08-17-00271","0.02518","-0.02","-0.18","0.02","7.5","10.5"
"2026-08-17T08:16:37.954000Z","DEXEUSDT","SHORT","Pipfessor","loss",,"1.931","1.895","false","1.91","CLOSE","-0.77","-0.41","99eaf871-8645-4522-a688-eb63e296abfb","AXN-2026-08-17-00269","1.931","-0.49","-0.92","0.08","7.5","7.5"
"2026-08-16T01:39:59.999000Z","ARPAUSDT","SHORT","Electron","breakeven",,"0.008747","0.008502","false","0.008501872584105216","BE","0","0","5a788da8-c522-47b7-a62d-1b7ed456a404","AXN-2026-08-14-00262","0.008747","-0.06","-0.18","0.06","7.5","10.5"
"2026-08-16T01:29:59.999000Z","WIFUSDT","LONG","gaijin","win","0.1361","0.13","0.1355","false","0.1397","TP2","3.1","0.76","bb5cac2d-d9ae-4db8-9e36-6b255dcdf042","AXN-2026-08-13-00260","0.13","0.75","3.06","0.01","2","2"
"2026-08-15T23:59:59.999000Z","BEATUSDT","LONG","gaijin","win",,"0.4","1.092","false","1.211","PARTIAL","10.9","0.17","85a6e097-e114-41d1-9a1a-a02d3a90d070","AXN-2026-08-11-00249","0.4","0.17","10.74","0","7.5","7.5"
"2026-08-14T20:49:59.999000Z","NEARUSDT","SHORT","Bitcoin Wizard","win",,"1.82","1.632","false","1.602","PARTIAL","1.84","0.16","3fc367a5-0ef7-4bff-a50b-be733adf740d","AXN-2026-08-12-00254","1.82","0.15","1.69","0.01","7.5","7.5"
"2026-08-14T14:05:29.858000Z","FARTCOINUSDT","LONG","Thmassz","win",,"0.1267","0.13587","false","0.1436","TP1","5.69","0.84","67efb4d5-a8a0-4f67-beb6-348e8bd01112","AXN-2026-08-09-00237","0.1267","0.83","5.59","0.01","7.5","2"
"2026-08-14T05:23:41.874000Z","ETHUSDT","LONG","gaijin","win",,"1861","1880.25","false","1892","TP1","0.62","0.61","97885f24-22bb-4a70-8b84-c30592d2018c","AXN-2026-08-13-00259","1861","0.52","0.52","0.09","7.5","2"
"2026-08-13T22:27:30.023000Z","COTIUSDT","LONG","Electron","win","0.011115","0.009767","0.011115","true","0.012601","PARTIAL","13.37","1.1","66532b9c-2094-41e3-bf99-d2129d2afd23","AXN-2026-08-12-00257","0.009767","1.09","13.26","0.01","2","7.5"
"2026-08-13T05:53:59.999000Z","PEOPLEUSDT","SHORT","SaltWayer","win",,"0.008575","0.008213","false","0.00793","TP1","3.45","0.78","86fde527-42a4-458a-8d77-c48956354c8d","AXN-2026-08-12-00251","0.008575","0.76","3.36","0.02","7.5","2"
"2026-08-12T11:59:59.999000Z","TUTUSDT","SHORT","SaltWayer","loss","0.0643","0.06762","0.064519","false","0.06762","SL","-4.81","-1","93a7f662-df9b-4b85-b425-e651768fba63","AXN-2026-08-12-00252","0.06762","-1.03","-4.94","0.03","2","10.5"
"2026-08-12T01:05:53.613000Z","BANANAS31USDT","LONG","Electron","win","0.009257","0.008364","0.009257","true","0.009941","PARTIAL","7.39","0.77","0a0e7af6-0c1c-453f-befd-893a397712eb","AXN-2026-08-11-00247","0.008364","0.76","7.29","0.01","2","7.5"
"2026-08-11T18:33:59.999000Z","ICPUSDT","LONG","Pipfessor","win",,"2.06","2.215","false","2.32","TP1","4.74","0.68","0d5a426d-dad7-451b-928e-cdd799f1535f","AXN-2026-08-10-00243","2.06","0.67","4.64","0.01","7.5","2"
"2026-08-11T15:38:59.999000Z","MANTRAUSDT","SHORT","Pipfessor","win",,"0.005825","0.005574","false","0.005315","TP2","4.65","1.03","3a73582d-b32f-4660-b1ad-490461d16ad0","AXN-2026-08-10-00242","0.005825","1.01","4.56","0.02","7.5","2"
"2026-08-11T14:50:21.933000Z","AVAXUSDT","LONG","Thmassz","loss",,"6332","6.718","false","6.332","SL","-5.75","-1","712ac94b-8d5d-4b16-abac-9cbbbe0474ea","AXN-2026-08-04-00218","6.332","-1.03","-5.92","0.03","7.5","10.5"
"2026-08-11T12:46:59.999000Z","ADAUSDT","SHORT","gaijin","win",,"0.21","0.2082","false","0.1868","TP2","10.28","11.89","5f1571fb-350e-4cd3-b1e0-5afa81c04b1b","AXN-2026-08-06-00227","0.21","11.78","10.19","0.11","7.5","2"
"2026-08-11T07:06:20.774000Z","RVNUSDT","SHORT","D3LTA","win",,"0.00386","0.003603","false","0.00284","TP1","21.18","2.97","2a61ca98-4b3a-468f-9664-d84995212e54","AXN-2026-07-31-00204","0.00386","2.96","21.09","0.01","7.5","2"
"2026-08-10T21:46:59.999000Z","ETHFIUSDT","SHORT","Electron","breakeven","0.3763","0.415","0.3763","true","0.3763","BE","0","0","690430a2-1de9-4309-b13f-1b2d0dc00101","AXN-2026-08-06-00226","0.415","-0.01","-0.13","0.01","2","10.5"
"2026-08-10T17:33:59.999000Z","LITUSDT","SHORT","Thmassz","loss",,"2.4042","2.278","false","2.4042","SL","-5.54","-1","2d0f6acf-8553-4993-be22-5962dc27f3ad","AXN-2026-08-08-00235","2.4042","-1.03","-5.73","0.03","7.5","10.5"
"2026-08-10T16:24:59.999000Z","BEATUSDT","LONG","SaltWayer","breakeven",,"1.89","2.0853","false","2.0853","BE","0","0","0667c990-9937-4d7b-aba5-06f0a57d05ba","AXN-2026-08-10-00245","1.89","-0.02","-0.18","0.02","7.5","10.5"
"2026-08-10T14:59:00Z","TIAUSDT","LONG","D3LTA","loss","0.335","0.314","0.3285","false","0.3255","CLOSE","-0.92","-0.21","2448eee4-c2d7-4c92-8b4b-c3460fe43d33","AXN-2026-08-03-00212","0.314","-0.23","-1.01","0.02","2","7.5"
"2026-08-10T12:14:59.999000Z","VELODROMEUSDT","LONG","Bitcoin Wizard","win",,"0.01616","0.017976","false","0.024","TP3","33.51","3.32","d3956d7d-c824-47d9-9044-df71781a180e","AXN-2026-08-07-00234","0.01616","3.31","33.41","0.01","7.5","2"
"2026-08-10T10:00:59.999000Z","TUTUSDT","SHORT","SaltWayer","win",,"0.1607","0.149366","false","0.14447","TP1","3.28","0.43","a1661dfc-f108-4581-a1ab-bc6da003939a","AXN-2026-08-10-00241","0.1607","0.42","3.19","0.01","7.5","2"
"2026-08-09T17:49:23.171000Z","BEATUSDT","SHORT","gaijin","loss",,"3.676","3.4641","false","3.676","SL","-6.12","-1","0e62179e-5d38-472c-bc4d-7e18e556230c","AXN-2026-08-09-00238","3.676","-1.03","-6.31","0.03","7.5","10.5"
"2026-08-09T13:59:59.999000Z","BTCUSDT","SHORT","gaijin","loss",,"65060","64935.7","false","65060","SL","-0.19","-1","8f4a5c78-88a6-4f1e-bff0-3e8f1dd430cd","AXN-2026-08-07-00233","65060","-1.94","-0.37","0.94","7.5","10.5"
"2026-08-09T11:38:59.999000Z","HYPEUSDT","LONG","D3LTA","win",,"51.09","54.27","false","54.999","PARTIAL","1.35","0.23","f076bf2e-cb52-4820-a219-f0c23a991737","AXN-2026-08-07-00232","51.09","0.2","1.2","0.03","7.5","7.5"
"2026-08-07T17:30:59.999000Z","CRVUSDT","LONG","Bitcoin Wizard","win",,"0.196","0.2111","false","0.2194","TP1","3.93","0.55","b968f551-5f0b-458a-be3f-97013e40bd97","AXN-2026-08-06-00225","0.196","0.54","3.83","0.01","7.5","2"
"2026-08-06T15:59:59.999000Z","VELODROMEUSDT","SHORT","Electron","loss",,"0.01826","0.016618","false","0.01826","SL","-9.88","-1","5a0043b8-9fa1-4d5e-92f9-f5232ec154fe","AXN-2026-08-03-00210","0.01826","-1.02","-10.07","0.02","7.5","10.5"
"2026-08-06T10:16:59.999000Z","HYPEUSDT","LONG","Belovy","win",,"48","55.47","false","57.558","PARTIAL","3.76","0.28","019dba70-2e1c-44cf-807d-0743d2996e04","AXN-2026-08-05-00219","48","0.27","3.61","0.01","7.5","7.5"
"2026-08-06T09:16:52.357000Z","ONDOUSDT","LONG","Bitcoin Wizard","loss",,"0.3585","0.3827","false","0.3699","CLOSE","-3.34","-0.53","5e8e6790-cbbe-4491-b2c8-b120ceda6757","AXN-2026-08-05-00221","0.3585","-0.55","-3.49","0.02","7.5","7.5"
"2026-08-06T05:39:59.999000Z","DEXEUSDT","SHORT","Pipfessor","win",,"2.475","2.328","false","2.17","TP2","6.79","1.07","65d3c2f6-9f7a-42dc-a721-33391f5db607","AXN-2026-08-05-00220","2.475","1.06","6.7","0.01","7.5","2"
"2026-08-05T16:53:59.999000Z","AIGENSYNUSDT","SHORT","SaltWayer","win",,"0.02289","0.02194","false","0.02126","TP1","3.1","0.72","62d1453e-e33d-4537-b36d-7bbfed1a5b21","AXN-2026-08-04-00213","0.02289","0.7","3.01","0.02","7.5","2"
"2026-08-05T13:23:48.377000Z","BANDUSDT","SHORT","Electron","loss",,"0.1626","0.1533","false","0.1544","CLOSE","-0.72","-0.12","4b5cde64-465d-4ea5-af5a-93e3215cc9e9","AXN-2026-08-02-00209","0.1626","-0.14","-0.87","0.02","7.5","7.5"
"2026-08-05T09:16:59.999000Z","ADAUSDT","SHORT","gaijin","win",,"0.1985","0.1953","false","0.1921","TP1","1.64","1","526f62ca-6ef4-454b-8c4d-98657d7113f9","AXN-2026-08-04-00215","0.1985","0.94","1.55","0.06","7.5","2"
"2026-08-05T02:25:59.999000Z","ZECUSDT","SHORT","Thmassz","win",,"560","517.74","false","453.71","TP2","12.37","1.52","9f431a6f-11df-4388-8cf2-a3c0ba9d23de","AXN-2026-07-23-00179","560","1.51","12.28","0.01","7.5","2"
"2026-08-04T15:59:59.999000Z","BTCUSDT","SHORT","gaijin","loss",,"64000","63840.2","false","64000","SL","-0.25","-1","8524aafc-2e0c-4a73-aadd-227a41dcd7a0","AXN-2026-08-04-00216","64000","-1.72","-0.43","0.72","7.5","10.5"
"2026-08-04T11:59:59.999000Z","BTCUSDT","SHORT","gaijin","loss",,"63750","63567.4","false","63750","SL","-0.29","-1","ec0309c8-6b62-409e-a677-c93b149f903a","AXN-2026-08-04-00214","63750","-1.63","-0.47","0.63","7.5","10.5"
"2026-08-03T21:52:59.999000Z","RLCUSDT","SHORT","Electron","win",,"0.2893","0.2692","false","0.2494","PARTIAL","7.36","0.99","fee77821-147f-4b55-93bd-5af45a2105ba","AXN-2026-08-01-00207","0.2893","0.97","7.22","0.02","7.5","7.5"
"2026-08-03T02:58:10.757000Z","LITUSDT","LONG","Bitcoin Wizard","win","1.988","1.686","1.988","true","2.2","TP1","10.66","0.7","c1049277-8236-400f-a9cc-5031a9b7cc59","AXN-2026-07-23-00182","1.686","0.7","10.62","0","2","2"
"2026-08-02T19:59:59.999000Z","PORTALUSDT","SHORT","SaltWayer","win",,"0.0111","0.010557","false","0.00938","TP2","11.15","2.17","93eb40ef-0890-4f14-90c1-1f9886fb180c","AXN-2026-07-23-00181","0.0111","2.15","11.06","0.02","7.5","2"
"2026-07-31T10:18:38.435000Z","BSVUSDT","SHORT","Electron","loss",,"13.57","12.52","false","12.62","CLOSE","-0.8","-0.1","8aae2893-bb52-4e97-85ee-a077d6f97368","AXN-2026-07-29-00200","13.57","-0.12","-0.95","0.02","7.5","7.5"
"2026-07-30T13:49:59.999000Z","BTCUSDT","SHORT","SaltWayer","win",,"65800","65138.6","false","63317","TP2","2.8","2.75","fcc9b480-2cfe-4125-a2a3-ae930c740fc6","AXN-2026-07-27-00190","65800","2.66","2.71","0.09","7.5","2"
"2026-07-30T11:50:59.999000Z","BTCUSDT","SHORT","Electron","win","64750","66500","64750","true","63667.8","PARTIAL","1.67","0.62","8b062d3d-a1e3-47a5-873c-30c9a14f75db","AXN-2026-07-27-00195","66500","0.59","1.58","0.03","2","7.5"
"2026-07-30T02:10:59.999000Z","SAFEUSDT","SHORT","SaltWayer","win",,"0.09747","0.0927","false","0.08024","TP2","13.44","2.61","efa7f272-a785-410f-b3ab-ae4317c9188b","AXN-2026-07-27-00191","0.09747","2.59","13.35","0.02","7.5","2"
"2026-07-29T23:59:59.999000Z","ALGOUSDT","LONG","Belovy","loss",,"0.079","0.10465","false","0.09711","PARTIAL","-7.2","-0.29","c34b65cb-46a1-4e1e-ace0-509df4c0b78e","AXN-2026-06-04-00053","0.079","-0.3","-7.34","0.01","7.5","7.5"
"2026-07-29T13:45:59.999000Z","OGNUSDT","SHORT","Electron","breakeven",,"0.0172","0.015876","false","0.015876","BE","0","0","1d1ce626-36a0-4b34-9cdd-6d63198a81f4","AXN-2026-07-27-00196","0.0172","-0.02","-0.18","0.02","7.5","10.5"
"2026-07-29T05:43:00Z","XRPUSDT","LONG","Pipfessor","loss",,"1.044","1.108","false","1.0869","CLOSE","-1.9","-0.33","0428d396-2161-4809-b3db-250b2c2d440c","AXN-2026-07-21-00172","1.044","-0.36","-2.05","0.03","7.5","7.5"
"2026-07-28T20:33:00Z","XRPUSDT","SHORT","Thmassz","win",,"1.1729","1.139","false","1.0613","CLOSE","6.82","2.29","521aefdd-485f-4a3c-a934-1ef0d9fa7771","AXN-2026-07-23-00180","1.1729","2.24","6.68","0.05","7.5","7.5"
"2026-07-28T15:12:59.999000Z","ONDOUSDT","SHORT","Thmassz","loss",,"0.4065","0.3897","false","0.4065","SL","-4.31","-1","5a27b81b-0e56-4677-8326-e197fa282ba9","AXN-2026-07-28-00197","0.4065","-1.04","-4.49","0.04","7.5","10.5"
"2026-07-28T07:19:00Z","EPICUSDT","SHORT","Pipfessor","loss",,"0.767","0.6728","false","0.6843","CLOSE","-1.71","-0.12","048906c4-1d71-4c8a-8bb1-85caf7c384b4","AXN-2026-07-27-00193","0.767","-0.13","-1.86","0.01","7.5","7.5"
"2026-07-28T06:13:15.535000Z","LTCUSDT","LONG","Bitcoin Wizard","loss",,"43.62","46.93","false","46.15","CLOSE","-1.66","-0.24","dfacd284-a1aa-484b-89ae-692af95aef67","AXN-2026-07-27-00194","43.62","-0.26","-1.81","0.02","7.5","7.5"
"2026-07-28T03:59:59.999000Z","SOLUSDT","LONG","Bitcoin Wizard","loss",,"73.53","79.51","false","73.53","SL","-7.52","-1","b858153d-e5ae-4f74-9ac4-44e5c88729ca","AXN-2026-07-10-00148","73.53","-1.02","-7.69","0.02","7.5","10.5"
"2026-07-28T03:37:59.999000Z","CLOUSDT","SHORT","Electron","win","0.12675","0.14123","0.12675","true","0.11124","PARTIAL","12.24","1.07","431fd12e-dd53-4b13-b6f8-184b23237bce","AXN-2026-07-25-00187","0.14123","1.06","12.15","0.01","2","7.5"
"2026-07-27T23:04:59.999000Z","FARTCOINUSDT","LONG","Thmassz","loss",,"0.1218","0.13263","false","0.1218","SL","-8.17","-1","840a7d35-9117-4a6a-b9c4-d327f6029de8","AXN-2026-07-26-00189","0.1218","-1.02","-8.34","0.02","7.5","10.5"
"2026-07-27T14:59:59.999000Z","ZRXUSDT","LONG","D3LTA","loss",,"0.0823","0.08528","false","0.0823","SL","-3.5","-1","d30f9065-c556-4276-8b83-2c5bb15b4b1c","AXN-2026-07-20-00170","0.0823","-1.05","-3.68","0.05","7.5","10.5"
"2026-07-27T09:09:00Z","BTCUSDT","SHORT","Electron","loss","64441","66428","65044.5","false","65083.1","CLOSE","-0.06","-0.03","a686ab5b-0b62-442a-bbbb-6c4aa0c15952","AXN-2026-07-24-00184","66428","-0.07","-0.16","0.04","2","7.5"
"2026-07-26T22:32:59.999000Z","LINKUSDT","SHORT","Thmassz","loss",,"8764","8.462","false","8.764","SL","-3.57","-1","0aa092a1-b85f-4787-babe-dc7e9d9bee2d","AXN-2026-07-23-00183","8.764","-1.05","-3.75","0.05","7.5","10.5"
"2026-07-26T14:27:59.999000Z","LAUSDT","SHORT","Electron","win",,"0.08302","0.0748","false","0.06489","PARTIAL","13.25","1.21","ab5358a4-5325-4059-9ff1-543602b56963","AXN-2026-07-24-00185","0.08302","1.2","13.11","0.01","7.5","7.5"
"2026-07-24T21:40:59.999000Z","HYPEUSDT","LONG","Thmassz","loss",,"57.02","60.98","false","57.02","SL","-6.49","-1","655917df-2fe2-48e7-a975-1b402e7644b2","AXN-2026-07-20-00168","57.02","-1.03","-6.66","0.03","7.5","10.5"
"2026-07-24T14:14:59.999000Z","INJUSDT","LONG","Belovy","win",,"4.97","5.178","false","5.44","TP4","5.06","1.26","3f8e3133-0e7d-456f-b337-cda2ba9fb7d9","AXN-2026-07-22-00178","4.97","1.24","4.96","0.02","7.5","2"
"2026-07-24T12:35:59.999000Z","RAYDIUMUSDT","LONG","SaltWayer","win",,"0.5983","0.6253","false","0.7477","TP3","19.57","4.53","c82e092f-f5fb-425e-aa3b-b34884bd8eac","AXN-2026-07-01-00124","0.5983","4.51","19.47","0.02","7.5","2"
"2026-07-24T08:08:00Z","LDOUSDT","LONG","Bitcoin Wizard","win",,"0.2693","0.2893","false","0.3972","CLOSE","37.3","5.4","260cb520-8e93-477e-8d32-511af4f60fbe","AXN-2026-07-07-00137","0.2693","5.37","37.12","0.03","7.5","7.5"
"2026-07-24T03:59:59.999000Z","XVSUSDT","SHORT","D3LTA","win",,"2.861","2.619","false","2.416","PARTIAL","7.75","0.84","9706d78a-f96c-4ab7-a087-648d66819297","AXN-2026-06-24-00111","2.861","0.82","7.61","0.02","7.5","7.5"
"2026-07-22T15:45:59.999000Z","ADAUSDT","SHORT","Pipfessor","win",,"0.193","0.178","false","0.1615","TP2","9.27","1.1","f6b52ff3-e957-4428-a71d-c2e2e2e08103","AXN-2026-07-07-00139","0.193","1.09","9.18","0.01","7.5","2"
"2026-07-22T15:05:59.999000Z","HBARUSDT","LONG","Belovy","win","0.072","0.067","0.0692","false","0.0729","TP1","5.35","1.68","11db212c-a645-421e-a58d-fff5ff1f259b","AXN-2026-07-07-00140","0.067","1.67","5.31","0.01","2","2"
"2026-07-22T11:59:59.999000Z","FIGHTUSDT","SHORT","Pipfessor","win",,"0.003412","0.00323","false","0.002925","TP2","9.44","1.68","8943966b-4ce3-4baa-bc15-f4583e2dbaac","AXN-2026-07-10-00149","0.003412","1.66","9.35","0.02","7.5","2"
"2026-07-21T21:33:59.999000Z","RECALLUSDT","SHORT","Pipfessor","win",,"0.0401","0.03704","false","0.03628","PARTIAL","2.05","0.25","66006103-89a7-42ec-b37a-40d2f7b85940","AXN-2026-07-21-00173","0.0401","0.23","1.9","0.02","7.5","7.5"
"2026-07-21T15:43:00Z","ONDOUSDT","LONG","Pipfessor","win",,"0.294","0.3369","false","0.4069","CLOSE","20.78","1.63","5ae6bd5b-15f9-46ed-9201-80f19dcb6c7f","AXN-2026-07-15-00161","0.294","1.62","20.61","0.01","7.5","7.5"
"2026-07-21T13:59:59.999000Z","BTCUSDT","SHORT","SaltWayer","loss",,"66576","66200","false","66576","SL","-0.57","-1","e03efe34-f351-4e2b-8206-84e0a1972c71","AXN-2026-07-21-00175","66576","-1.32","-0.75","0.32","7.5","10.5"
"2026-07-21T07:59:59.999000Z","SIRENUSDT","LONG","Electron","loss","0.03229","0.02821","0.03063","false","0.02821","SL","-7.9","-1","d7e01ef6-5cc7-4e00-9805-e86696f407d2","AXN-2026-07-20-00166","0.02821","-1.01","-8.02","0.01","2","10.5"
"2026-07-21T07:59:59.999000Z","BTCUSDT","SHORT","gaijin","loss",,"65600","65321.2","false","65600","SL","-0.43","-1","3abfd71e-bd8b-4f2e-93d2-31a1b139a429","AXN-2026-07-20-00169","65600","-1.42","-0.61","0.42","7.5","10.5"
"2026-07-21T04:35:59.999000Z","ZECUSDT","LONG","Belovy","breakeven",,"520","546.73","false","546.73","BE","0","0","8941f896-715d-470a-92dd-00784eed9c6e","AXN-2026-07-20-00171","520","-0.04","-0.18","0.04","7.5","10.5"
"2026-07-20T13:49:59.999000Z","BTCUSDT","SHORT","gaijin","win",,"65100","64698.5","false","64400","TP1","0.46","0.74","821cf50c-b742-4640-bb12-3c968fc1bb2d","AXN-2026-07-20-00167","65100","0.59","0.37","0.15","7.5","2"
"2026-07-19T12:17:59.999000Z","ONDOUSDT","LONG","Belovy","win",,"0.29","0.3472","false","0.353","TP1","1.67","0.1","3c4094d6-0c73-4528-83c0-0bd9f7832cf0","AXN-2026-07-18-00165","0.29","0.09","1.57","0.01","7.5","2"
"2026-07-18T15:06:00Z","DOGEUSDT","LONG","D3LTA","loss",,"0.07","0.07282","false","0.07223","CLOSE","-0.81","-0.21","c63b53d8-f772-4546-ab0b-b0116e47ccf2","AXN-2026-07-14-00158","0.07","-0.25","-0.96","0.04","7.5","7.5"
"2026-07-16T23:59:59.999000Z","WLDUSDT","LONG","SaltWayer","loss",,"0.3884","0.4111","false","0.3884","SL","-5.52","-1","83db875b-f4e2-4b3b-86fd-175b4af487d0","AXN-2026-07-15-00159","0.3884","-1.03","-5.69","0.03","7.5","10.5"
"2026-07-16T19:59:59.999000Z","HYPEUSDT","LONG","Electron","loss","68.564","62.314","66.74","false","62.314","SL","-6.63","-1","c1ccac3e-43a4-4ce8-a9eb-76d348e5b4ba","AXN-2026-07-15-00162","62.314","-1.02","-6.75","0.02","2","10.5"
"2026-07-16T07:24:00Z","BLURUSDT","LONG","Electron","loss","0.01757","0.01545","0.016954","false","0.016819","CLOSE","-0.8","-0.09","131ec825-22fe-4d33-a887-d49bd42bc8f8","AXN-2026-07-13-00152","0.01545","-0.1","-0.89","0.01","2","7.5"
"2026-07-15T23:56:59.999000Z","BEATUSDT","LONG","SaltWayer","win",,"2.4136","2.5819","false","2.685","TP1","3.99","0.61","ec6b6db9-ccf6-4312-a7d5-945ca9c96151","AXN-2026-07-15-00160","2.4136","0.6","3.89","0.01","7.5","2"
"2026-07-14T23:59:59.999000Z","ZAMAUSDT","SHORT","SaltWayer","loss",,"0.034","0.03281","false","0.034","SL","-3.63","-1","020d113d-b309-4cbb-bad8-0ce0bade98b2","AXN-2026-07-13-00153","0.034","-1.05","-3.81","0.05","7.5","10.5"
"2026-07-14T20:50:00Z","LITUSDT","SHORT","Pipfessor","loss",,"2.6225","2.411","false","2.5988","CLOSE","-7.8","-0.89","88cbab93-bd76-4ddf-a942-f65f7ce0691a","AXN-2026-07-13-00155","2.6225","-0.91","-7.96","0.02","7.5","7.5"
"2026-07-14T12:30:59.999000Z","MANAUSDT","SHORT","Bitcoin Wizard","win",,"0.0824","0.06966","false","0.06922","PARTIAL","0.63","0.03","6b9beb40-e216-47c0-8268-cedc58941294","AXN-2026-07-14-00156","0.0824","0.02","0.48","0.01","7.5","7.5"
"2026-07-13T15:59:59.999000Z","GRASSUSDT","LONG","D3LTA","loss","0.396","0.376","0.3894","false","0.376","SL","-3.44","-1","b0e7bfa0-957f-4128-b545-2935bec4b648","AXN-2026-07-11-00150","0.376","-1.04","-3.56","0.04","2","10.5"
"2026-07-13T11:41:59.999000Z","MUBARAKUSDT","SHORT","SaltWayer","win",,"0.0132","0.012593","false","0.012131","PARTIAL","3.67","0.76","69c6349f-5b71-4874-bc5a-cc6254281a27","AXN-2026-07-12-00151","0.0132","0.73","3.52","0.03","7.5","7.5"
"2026-07-13T11:21:59.999000Z","PYTHUSDT","LONG","D3LTA","win",,"0.0414","0.04548","false","0.05","TP1","9.94","1.11","fbbfe84a-bac5-41c5-a41c-98393a0dc277","AXN-2026-07-10-00146","0.0414","1.1","9.84","0.01","7.5","2"
"2026-07-11T11:18:00Z","TNSRUSDT","SHORT","Electron","win","0.03245","0.03515","0.03245","true","0.03243","CLOSE","0.06","0.01","192e1630-930c-4d6b-b286-5d2811491d27","AXN-2026-07-08-00143","0.03515","0","-0.03","0.01","2","7.5"
"2026-07-10T15:59:59.999000Z","BSBUSDT","SHORT","SaltWayer","loss",,"0.1497","0.1409","false","0.1497","SL","-6.25","-1","54d7cc30-90f2-4781-be2d-01290c05eebb","AXN-2026-07-08-00144","0.1497","-1.03","-6.44","0.03","7.5","10.5"
"2026-07-10T14:28:00Z","ARKMUSDT","LONG","Bitcoin Wizard","loss",,"0.10774","0.11691","false","0.11405","CLOSE","-2.44","-0.31","c274c633-e7ac-4f47-9149-7cab00716c78","AXN-2026-07-03-00130","0.10774","-0.33","-2.59","0.02","7.5","7.5"
"2026-07-10T11:39:59.999000Z","XTZUSDT","LONG","Electron","loss",,"0.2343","0.2532","false","0.2343","SL","-7.45","-1","4e39009c-784b-419e-81a5-10cfe0a37fda","AXN-2026-07-05-00134","0.2343","-1.02","-7.62","0.02","7.5","10.5"
"2026-07-09T01:09:59.999000Z","ETHUSDT","SHORT","Belovy","win",,"2400","1752.64","false","1730","TP1","1.29","0.03","d68f9e98-eb5b-42d7-b4ff-7ed5ec3f1dc7","AXN-2026-07-06-00135","2400","0.03","1.2","0","7.5","2"
"2026-07-08T23:07:59.999000Z","BREVUSDT","SHORT","Electron","win","0.07515","0.08142","0.07515","true","0.07065","PARTIAL","5.99","0.72","481711f7-89e9-4dd4-a908-e2f681d69a8e","AXN-2026-07-07-00138","0.08142","0.71","5.9","0.01","2","7.5"
"2026-07-08T02:01:59.999000Z","ALGOUSDT","LONG","Belovy","win",,"0.077","0.08509","false","0.0911","TP4","7.06","0.74","1a3674bd-9d2d-4add-8973-b6b9901c7455","AXN-2026-07-02-00128","0.077","0.73","6.96","0.01","7.5","2"
"2026-07-07T08:54:00Z","VELVETUSDT","LONG","Electron","loss",,"0.427467","0.4846","false","0.47847","CLOSE","-1.26","-0.11","395eec47-f4ca-4d73-940d-9de1280819cb","AXN-2026-07-06-00136","0.427467","-0.12","-1.41","0.01","7.5","7.5"
"2026-07-06T16:43:00Z","1000LUNCUSDT","LONG","D3LTA","loss",,"0.0593","0.06323043519574306","false","0.06201","CLOSE","-1.93","-0.31","8c2a74b6-66e8-494f-95b2-3e4e96414a09","AXN-2026-07-04-00132","0.0593","-0.33","-2.08","0.02","7.5","7.5"
"2026-07-05T15:59:59.999000Z","DEXEUSDT","SHORT","Pipfessor","loss",,"24.2","22.432","false","22.446","PARTIAL","-0.06","-0.01","6e3ab871-77fc-4c29-9d38-baca4df5ca84","AXN-2026-06-27-00118","24.2","-0.03","-0.21","0.02","7.5","7.5"
"2026-07-05T06:35:59.999000Z","NOMUSDT","SHORT","Pipfessor","win",,"0.00228","0.001882","false","0.001845","PARTIAL","1.97","0.09","a87493d9-7359-4c86-9089-2c419ce76f81","AXN-2026-07-04-00133","0.00228","0.08","1.82","0.01","7.5","7.5"
"2026-07-05T05:15:00Z","MEGAUSDT","LONG","Electron","loss",,"0.04909","0.05378","false","0.05344","CLOSE","-0.63","-0.07","baec9ac2-834f-45da-81c6-5af2dd764bd8","AXN-2026-07-04-00131","0.04909","-0.09","-0.78","0.02","7.5","7.5"
"2026-07-04T00:54:59.999000Z","PENDLEUSDT","LONG","Bitcoin Wizard","win",,"1.215","1.454","false","1.5062","PARTIAL","3.56","0.22","171771bc-ccfd-4b54-9392-ef9cfde51a17","AXN-2026-07-02-00129","1.215","0.21","3.41","0.01","7.5","7.5"
"2026-07-03T21:54:59.999000Z","ZECUSDT","SHORT","Belovy","win",,"535","468.97","false","375","TP4","20.04","1.42","c3cb9ea3-a3f0-44fa-8b6a-d250e1e6768b","AXN-2026-06-20-00104","535","1.41","19.95","0.01","7.5","2"
"2026-07-03T19:59:59.999000Z","YGGUSDT","SHORT","D3LTA","win",,"0.0236","0.02277","false","0.0216","TP1","5.14","1.41","e8d0511a-f0e9-4c35-a0fe-526880c3aa5d","AXN-2026-06-29-00122","0.0236","1.38","5.05","0.03","7.5","2"
"2026-07-02T12:30:59.999000Z","LINKUSDT","SHORT","Pipfessor","win",,,"7.712","false","7.151","PARTIAL","7.27",,"7dd4d7f6-4596-409d-bfca-7a83f259d8e5","AXN-2026-06-23-00109",,,"7.13",,"7.5","7.5"
"2026-07-02T10:53:59.999000Z","ICNTUSDT","LONG","Electron","loss",,"0.1834","0.2059","false","0.1834","SL","-10.93","-1","7f463e51-9db3-41b5-8d34-6f6148564808","AXN-2026-07-01-00123","0.1834","-1.02","-11.1","0.02","7.5","10.5"
"2026-07-02T00:39:59.999000Z","BTCUSDT","LONG","Bitcoin Wizard","win",,"57743","59615.5","false","60600","TP1","1.65","0.53","8328afa7-40fd-46ca-b715-ac56d019e205","AXN-2026-07-01-00125","57743","0.5","1.55","0.03","7.5","2"
"2026-06-29T14:10:59.999000Z","HOLOUSDT","LONG","SaltWayer","win",,"0.066","0.06938","false","0.07202","PARTIAL","3.81","0.78","f5ed3622-514f-4d7a-80b6-bd0372c98772","AXN-2026-06-28-00121","0.066","0.75","3.66","0.03","7.5","7.5"
"2026-06-28T18:14:59.999000Z","LIGHTUSDT","LONG","SaltWayer","win",,"0.1107","0.11708","false","0.1192","PARTIAL","1.81","0.33","5182efe5-564a-4f73-8293-b0d2af891859","AXN-2026-06-26-00116","0.1107","0.3","1.66","0.03","7.5","7.5"
"2026-06-28T17:13:59.999000Z","LABUSDT","LONG","Electron","win",,"14.832","16.921","false","17.483","PARTIAL","3.32","0.27","6f671570-d351-4577-b90a-af6ce20e13fa","AXN-2026-06-28-00120","14.832","0.26","3.17","0.01","7.5","7.5"
"2026-06-28T09:57:59.999000Z","MMTUSDT","LONG","Bitcoin Wizard","win",,"0.1671","0.1904","false","0.2021","TP1","6.17","0.5","37b85531-363d-49f5-a177-e71d19b4794b","AXN-2026-06-27-00117","0.1671","0.49","6.07","0.01","7.5","2"
"2026-06-28T02:20:59.999000Z","CLOUSDT","LONG","Electron","loss",,"0.13354","0.15245","false","0.13354","SL","-12.4","-1","c3f890f9-35f3-4f48-a87e-4bc29515245f","AXN-2026-06-27-00119","0.13354","-1.01","-12.57","0.01","7.5","10.5"
"2026-06-26T03:45:59.999000Z","SOLUSDT","SHORT","Belovy","win",,"78","67.68","false","66.2","TP1","2.19","0.14","bafcaa40-304d-4110-a947-768391f290c5","AXN-2026-06-26-00115","78","0.13","2.1","0.01","7.5","2"
"2026-06-25T13:38:59.999000Z","TNSRUSDT","SHORT","Pipfessor","win",,"0.0448","0.03929","false","0.03325","TP2","15.37","1.1","006ed99b-4672-4ce0-a584-e38e8ac4deca","AXN-2026-06-22-00107","0.0448","1.09","15.28","0.01","7.5","2"
"2026-06-25T03:15:59.999000Z","XLMUSDT","LONG","Belovy","win",,"0.158","0.1854","false","0.188","TP1","1.4","0.09","3c0aab89-061e-4377-9203-10806542572d","AXN-2026-06-24-00114","0.158","0.08","1.3","0.01","7.5","2"
"2026-06-24T11:49:59.999000Z","VVVUSDT","SHORT","Bitcoin Wizard","win",,"15.082","13.535","false","13.27","PARTIAL","1.96","0.17","a5099495-a785-4b3c-bc72-3a55e81bd981","AXN-2026-06-24-00112","15.082","0.16","1.81","0.01","7.5","7.5"
"2026-06-24T10:59:59.999000Z","HEIUSDT","SHORT","SaltWayer","loss",,"0.1273","0.1212","false","0.1273","SL","-5.03","-1","c692fa54-241d-4a32-92c2-622f3ce587aa","AXN-2026-06-24-00113","0.1273","-1.04","-5.22","0.04","7.5","10.5"
"2026-06-23T10:25:59.999000Z","CLOUSDT","LONG","Electron","loss",,"0.25677","0.28322","false","0.25677","SL","-9.34","-1","3497f358-7444-4fa7-bf78-7a3e00db7aca","AXN-2026-06-23-00110","0.25677","-1.02","-9.51","0.02","7.5","10.5"
"2026-06-23T07:59:59.999000Z","ONDOUSDT","LONG","Pipfessor","win",,"0.3245","0.3659","false","0.3827","PARTIAL","4.59","0.41","d68f63b6-05ed-4c3a-8bb3-07c33330934c","AXN-2026-06-13-00079","0.3245","0.4","4.44","0.01","7.5","7.5"
"2026-06-23T06:07:59.999000Z","ALGOUSDT","LONG","Belovy","win",,"0.079","0.09077","false","0.0911","TP1","0.36","0.03","39d7e084-90cb-478a-9092-06cdd80f56e1","AXN-2026-06-23-00108","0.079","0.02","0.26","0.01","7.5","2"
"2026-06-22T15:32:00Z","LINKUSDT","SHORT","Pipfessor","loss",,"8.25","7.942","false","8.032","CLOSE","-1.13","-0.29","d1823894-3246-441c-b75f-1087e083f860","AXN-2026-06-18-00099","8.25","-0.33","-1.28","0.04","7.5","7.5"
"2026-06-22T11:49:59.999000Z","ETHUSDT","SHORT","Belovy","win",,"2400","1774.11","false","1730","TP1","2.49","0.07","a92e4261-e46c-46d1-950e-d66b9cd3594e","AXN-2026-06-16-00088","2400","0.07","2.4","0","7.5","2"
"2026-06-21T00:30:59.999000Z","BLUAIUSDT","LONG","Electron","win",,"0.012306","0.014292","false","0.01452","PARTIAL","1.6","0.11","dc2b1b40-e8b0-47a4-bd87-94cadc6d9c5f","AXN-2026-06-20-00105","0.012306","0.1","1.45","0.01","7.5","7.5"
"2026-06-20T00:34:59.999000Z","SOLUSDT","SHORT","Pipfessor","win",,"73.9","70.1","false","68.05","TP1","2.92","0.54","70f65a8b-b516-4536-9e69-87555ad6aa95","AXN-2026-06-18-00098","73.9","0.52","2.83","0.02","7.5","2"
"2026-06-19T13:10:59.999000Z","LABUSDT","LONG","Electron","breakeven",,"13.749","15.44","false","15.44","BE","0","0","e3da6ce2-839e-40a6-ad16-d57dc7c15837","AXN-2026-06-19-00102","13.749","-0.02","-0.18","0.02","7.5","10.5"
"2026-06-18T21:15:59.999000Z","XRPUSDT","LONG","Belovy","win",,"0.93","1.1439","false","1.151","TP1","0.62","0.03","7fa765df-23a1-40f7-a44d-85b2a9d6e607","AXN-2026-06-18-00100","0.93","0.02","0.52","0.01","7.5","2"
"2026-06-18T19:06:59.999000Z","XAGUSDT","LONG","Belovy","win",,"53","65.6","false","70.7","TP2","7.77","0.4","8b2dbe0c-6eda-475f-914e-bd5fcd29a4f2","AXN-2026-06-09-00069","53","0.4","7.73","0","2","2"
"2026-06-18T15:59:59.999000Z","1000TURBOUSDT","LONG","SaltWayer","loss",,"8740","0.923","false","0.874","SL","-5.31","-1","24126f30-08dd-406d-b4a9-7f30a0f89d2c","AXN-2026-06-17-00094","0.874","-1.03","-5.48","0.03","7.5","10.5"
"2026-06-18T15:44:00Z","VELODROMEUSDT","LONG","Bitcoin Wizard","loss",,"0.01689","0.018517","false","0.016741","CLOSE","-9.59","-1.09","83ae5dbc-ee1b-4d60-9888-5d4377580311","AXN-2026-06-17-00095","0.01689","-1.11","-9.73","0.02","7.5","7.5"
"2026-06-18T09:38:59.999000Z","LABUSDT","LONG","Electron","breakeven",,"13.467","15.403","false","15.403","BE","0","0","a813cf46-6a4c-4ae7-bb95-e39b22fec1de","AXN-2026-06-18-00096","13.467","-0.01","-0.18","0.01","7.5","10.5"
"2026-06-18T09:36:00Z","CLOUSDT","LONG","Electron","win",,"0.13252","0.15093","false","0.21814","CLOSE","44.53","3.65","493885e7-c7f5-40fa-9f92-e69730976187","AXN-2026-06-17-00092","0.13252","3.63","44.35","0.02","7.5","7.5"
"2026-06-17T16:49:59.999000Z","LDOUSDT","LONG","Bitcoin Wizard","win",,"0.266","0.2922","false","0.294","PARTIAL","0.62","0.07","0a220e9f-711f-44e1-a72c-207296ab4482","AXN-2026-06-17-00093","0.266","0.05","0.47","0.02","7.5","7.5"
"2026-06-17T10:23:59.999000Z","USUSDT","SHORT","Pipfessor","win",,"0.014535","0.01331","false","0.01178","TP2","11.51","1.25","f98365e0-4a45-4b52-bb53-f177356ff6b4","AXN-2026-06-16-00090","0.014535","1.24","11.42","0.01","7.5","2"
"2026-06-16T19:05:59.999000Z","TRIAUSDT","LONG","Electron","win",,"0.02601","0.029466","false","0.031108","PARTIAL","5.57","0.48","9553e722-3437-4b3f-a7ff-e97dd982ce6c","AXN-2026-06-16-00091","0.02601","0.47","5.42","0.01","7.5","7.5"
"2026-06-16T16:58:59.999000Z","INXUSDT","SHORT","Belovy","breakeven",,"0.00845","0.007918","false","0.007918","BE","0","0","0f5ff242-756d-446b-909b-9a4599683e9c","AXN-2026-06-16-00089","0.00845","-0.03","-0.18","0.03","7.5","10.5"
"2026-06-15T23:59:59.999000Z","HYPEUSDT","SHORT","Belovy","loss",,"66","56.31","false","66","SL","-17.22","-1","faad2eb1-a58c-4642-b254-bb9070c21193","AXN-2026-06-11-00074","66","-1.01","-17.42","0.01","7.5","10.5"
"2026-06-15T22:31:59.999000Z","XPLUSDT","LONG","Bitcoin Wizard","win",,"0.0783","0.09027","false","0.0969","TP1","7.34","0.55","6495d730-b3a8-4cd9-aaac-ac107ed5696c","AXN-2026-06-15-00083","0.0783","0.54","7.24","0.01","7.5","2"
"2026-06-15T15:59:59.999000Z","CCUSDT","SHORT","Pipfessor","loss",,"0.1688","0.16072","false","0.1688","SL","-5.03","-1","2e92d4b6-c757-405c-8dd5-3e6647c6706a","AXN-2026-06-08-00066","0.1688","-1.04","-5.22","0.04","7.5","10.5"
"2026-06-14T14:41:59.999000Z","RLCUSDT","LONG","D3LTA","loss",,"0.342","0.3596","false","0.342","SL","-4.89","-1","056146de-16c8-4487-8ed0-dc3857292288","AXN-2026-06-12-00077","0.342","-1.04","-5.06","0.04","7.5","10.5"
"2026-06-14T14:38:59.999000Z","PYTHUSDT","LONG","SaltWayer","win",,"0.0369","0.03906","false","0.04001","PARTIAL","2.43","0.44","b00b8a6e-7063-4bfd-a124-ff993af36347","AXN-2026-06-14-00082","0.0369","0.41","2.28","0.03","7.5","7.5"
"2026-06-14T13:57:59.999000Z","TAOUSDT","SHORT","Belovy","win",,"295","265","false","261.91","PARTIAL","1.17","0.1","531ecb34-1100-49ab-b300-40e028fe2823","AXN-2026-06-13-00080","295","0.09","1.02","0.01","7.5","7.5"
"2026-06-14T12:31:59.999000Z","WLFIUSDT","LONG","SaltWayer","win",,"0.0565","0.05893","false","0.05996","PARTIAL","1.75","0.42","31034a2b-f646-4133-b07b-540d868d7ba4","AXN-2026-06-14-00081","0.0565","0.38","1.6","0.04","7.5","7.5"
"2026-06-14T05:32:59.999000Z","UNIUSDT","LONG","SaltWayer","win",,"2.397","2.514","false","2.567","PARTIAL","2.11","0.45","b5bfd8be-2489-4bb7-a654-098d5a71d857","AXN-2026-06-12-00075","2.397","0.42","1.96","0.03","7.5","7.5"
"2026-06-13T03:27:59.999000Z","HYPEUSDT","LONG","Bitcoin Wizard","win",,"54.97","58.5","false","60.4","TP1","3.25","0.54","d8880640-09b3-476b-b0b5-d0dbe96fc7a4","AXN-2026-06-12-00076","54.97","0.52","3.15","0.02","7.5","2"
"2026-06-12T19:59:59.999000Z","SOSOUSDT","LONG","SaltWayer","loss",,"0.33","0.3408","false","0.33","SL","-3.17","-1","9f105175-ef1f-49cf-8011-17b1ea09dafd","AXN-2026-06-12-00078","0.33","-1.06","-3.35","0.06","7.5","10.5"
"2026-06-12T13:55:59.999000Z","WLDUSDT","LONG","D3LTA","loss",,"0.467","0.49","false","0.467","SL","-4.69","-1","0d9bf0ef-a91e-4e04-9ccf-b5e4672c60b5","AXN-2026-06-11-00073","0.467","-1.04","-4.87","0.04","7.5","10.5"
"2026-06-11T19:19:00Z","HYPEUSDT","SHORT","Bitcoin Wizard","loss",,"61.478","55.49","false","58.912","CLOSE","-6.17","-0.57","64936c82-c136-43fd-911a-9304eee9f5c1","AXN-2026-06-11-00071","61.478","-0.58","-6.32","0.01","7.5","7.5"
"2026-06-11T13:00:59.999000Z","ASTRUSDT","SHORT","Pipfessor","win",,"0.00674","0.006213","false","0.005985","TP1","3.67","0.43","fe971081-1327-431b-a382-39b5c3945ab4","AXN-2026-06-11-00072","0.00674","0.42","3.58","0.01","7.5","2"
"2026-06-11T03:59:59.999000Z","CRVUSDT","SHORT","Bitcoin Wizard","loss",,"0.2195","0.2021","false","0.2195","SL","-8.59","-1","ad112c08-0171-4235-92b9-0e7dbbbc5ae5","AXN-2026-06-09-00067","0.2195","-1.02","-8.78","0.02","7.5","10.5"
"2026-06-09T10:34:59.999000Z","KASUSDT","SHORT","Bitcoin Wizard","breakeven",,"0.034612","0.02957","false","0.02957","BE","0","0","be3698fb-c331-4a42-9c7a-2b9586c93a9a","AXN-2026-06-05-00059","0.034612","-0.01","-0.18","0.01","7.5","10.5"
"2026-06-09T00:31:59.999000Z","SOLUSDT","LONG","SaltWayer","win",,"63.6","65.67","false","66.72","PARTIAL","1.6","0.51","d44f03ce-e954-47bf-aa89-7d42ab522af9","AXN-2026-06-08-00063","63.6","0.46","1.45","0.05","7.5","7.5"